Date,0
2020-01-03,
2020-01-06,
2020-01-07,
2020-01-08,
2020-01-09,
2020-01-10,
2020-01-13,
2020-01-14,
2020-01-15,
2020-01-16,
2020-01-17,
2020-01-21,
2020-01-22,
2020-01-23,
2020-01-24,
2020-01-27,
2020-01-28,
2020-01-29,
2020-01-30,
2020-01-31,
2020-02-03,
2020-02-04,
2020-02-05,
2020-02-06,
2020-02-07,
2020-02-10,
2020-02-11,
2020-02-12,
2020-02-13,
2020-02-14,0.009492507645788332
2020-02-18,0.009316399435200287
2020-02-19,0.009588461910980929
2020-02-20,0.009877131162946381
2020-02-21,0.010527306694490207
2020-02-24,0.013569852944203617
2020-02-25,0.014700614425613111
2020-02-26,0.014304755089879983
2020-02-27,0.01776101160568203
2020-02-28,0.017776463265332932
2020-03-02,0.020491536639557762
2020-03-03,0.021083427815853123
2020-03-04,0.022290566731512716
2020-03-05,0.02323111601808636
2020-03-06,0.02363536445152496
2020-03-09,0.027807862010492134
2020-03-10,0.029658488630036617
2020-03-11,0.03048574727485291
2020-03-12,0.03473443044475517
2020-03-13,0.03836764913414224
2020-03-16,0.04375682205417368
2020-03-17,0.0448501873262072
2020-03-18,0.04527232311728731
2020-03-19,0.04560247698887815
2020-03-20,0.045818275247860606
2020-03-23,0.04579035851414692
2020-03-24,0.04958794032337085
2020-03-25,0.04970461445945471
2020-03-26,0.050736509084296805
2020-03-27,0.05103250007212597
2020-03-30,0.0515526685327875
2020-03-31,0.0515094206085931
2020-04-01,0.05179293124364777
2020-04-02,0.052151684334791414
2020-04-03,0.052128256658203254
2020-04-06,0.0533521921849052
2020-04-07,0.05314428887641833
2020-04-08,0.05343266134458168
2020-04-09,0.052489936550526785
2020-04-13,0.05253790201844076
2020-04-14,0.052023353384323304
2020-04-15,0.051839971508363794
2020-04-16,0.0513450931755217
2020-04-17,0.05110265150599637
2020-04-20,0.05102634148871361
2020-04-21,0.04902213509037588
2020-04-22,0.048344934454460885
2020-04-23,0.04760773775882757
2020-04-24,0.04380229851547954
2020-04-27,0.04138024214864618
2020-04-28,0.0342177466354987
2020-04-29,0.03348326527490831
2020-04-30,0.03140870796342213
2020-05-01,0.0325539535711365
2020-05-04,0.03132900659868982
2020-05-05,0.031075906376963468
2020-05-06,0.026618957520777652
2020-05-07,0.026601253022842396
2020-05-08,0.025571456294366142
2020-05-11,0.02422407161978496
2020-05-12,0.02417136290851891
2020-05-13,0.02450629451794261
2020-05-14,0.02251137317074021
2020-05-15,0.022282881883631405
2020-05-18,0.02243236906831564
2020-05-19,0.019720227810166743
2020-05-20,0.019864741107684027
2020-05-21,0.019641326209613896
2020-05-22,0.019534040273373927
2020-05-26,0.019482094559516456
2020-05-27,0.01843728629558809
2020-05-28,0.018207412421689724
2020-05-29,0.018225081045219818
2020-06-01,0.017787864726384862
2020-06-02,0.017221885132928116
2020-06-03,0.01567354365400117
2020-06-04,0.015089852134445433
2020-06-05,0.015635835118638895
2020-06-08,0.01569383983995487
2020-06-09,0.015430848356277617
2020-06-10,0.015095978255729793
2020-06-11,0.018245650969796454
2020-06-12,0.018243366847348955
2020-06-15,0.01661139284565068
2020-06-16,0.01647239848896681
2020-06-17,0.016469572974284485
2020-06-18,0.01646424909560502
2020-06-19,0.016538004080526997
2020-06-22,0.016197952593715422
2020-06-23,0.01620648683735111
2020-06-24,0.01651957514798669
2020-06-25,0.01619917026851383
2020-06-26,0.017283144391856898
2020-06-29,0.017482106113041834
2020-06-30,0.017150147964338842
2020-07-01,0.017086256088673167
2020-07-02,0.01694471057762744
2020-07-06,0.01751179838458986
2020-07-07,0.017683475481616556
2020-07-08,0.01769725052624771
2020-07-09,0.017702537405939925
2020-07-10,0.018025513577736595
2020-07-13,0.018196049477321365
2020-07-14,0.018256545602799032
2020-07-15,0.018255574862354698
2020-07-16,0.018321413013389694
2020-07-17,0.018273841758426706
2020-07-20,0.01816610571545835
2020-07-21,0.017995403894913407
2020-07-22,0.018017379513755344
2020-07-23,0.01860306674458376
2020-07-24,0.01467907350733851
2020-07-27,0.014839090675637715
2020-07-28,0.014934098091732476
2020-07-29,0.014973141664996305
2020-07-30,0.015036598100080574
2020-07-31,0.015043343811438988
2020-08-03,0.015007649443771223
2020-08-04,0.01498276638244683
2020-08-05,0.01499035278726921
2020-08-06,0.013940684448397137
2020-08-07,0.013954779016447984
2020-08-10,0.012279095809183937
2020-08-11,0.01243489444254263
2020-08-12,0.012926724123029079
2020-08-13,0.012886530810338179
2020-08-14,0.012752428073781807
2020-08-17,0.011890140738533408
2020-08-18,0.011669211173785988
2020-08-19,0.011802380961387724
2020-08-20,0.011884508010666118
2020-08-21,0.011316439484363566
2020-08-24,0.011067698982143092
2020-08-25,0.010980181701135903
2020-08-26,0.011077253894393527
2020-08-27,0.010849156236411108
2020-08-28,0.010851969592083215
2020-08-31,0.010252480201058959
2020-09-01,0.01021266478068264
2020-09-02,0.0102302687385984
2020-09-03,0.012756211807752478
2020-09-04,0.012632711933250492
2020-09-08,0.016200321096125393
2020-09-09,0.016982998869169593
2020-09-10,0.017265026728487162
2020-09-11,0.017219641670713416
2020-09-14,0.017667462936042582
2020-09-15,0.017645302558567194
2020-09-16,0.017779998322394158
2020-09-17,0.017938105250073045
2020-09-18,0.017993906139995006
2020-09-21,0.017964235347528456
2020-09-22,0.017988820152066442
2020-09-23,0.019149244079181962
2020-09-24,0.018407097388115995
2020-09-25,0.018821956975079143
2020-09-28,0.019115264146840342
2020-09-29,0.01895534689922364
2020-09-30,0.019002861182238644
2020-10-01,0.01898724165745158
2020-10-02,0.019240092998856026
2020-10-05,0.01957622706857407
2020-10-06,0.019726635671088143
2020-10-07,0.01996744136905723
2020-10-08,0.019956168046208894
2020-10-09,0.020016166880986043
2020-10-12,0.020393910609635378
2020-10-13,0.020317141169832506
2020-10-14,0.020313329689231396
2020-10-15,0.0202337038896423
2020-10-16,0.018449377174840385
2020-10-19,0.018750768518722337
2020-10-20,0.015797646765718893
2020-10-21,0.01476073767714776
2020-10-22,0.014445364074783754
2020-10-23,0.014442191436276286
2020-10-26,0.014174299222599976
2020-10-27,0.01409619588291741
2020-10-28,0.016150143660170358
2020-10-29,0.016365958551687983
2020-10-30,0.01658162489757132
2020-11-02,0.01672671248159095
2020-11-03,0.017028899738369973
2020-11-04,0.016077237391022264
2020-11-05,0.01635355204120493
2020-11-06,0.01601726659697381
2020-11-09,0.016130992334238828
2020-11-10,0.0162991477687792
2020-11-11,0.01632373334682499
2020-11-12,0.016479226780647678
2020-11-13,0.01595278185306497
2020-11-16,0.015609817354305562
2020-11-17,0.015202470967712253
2020-11-18,0.015025743704412245
2020-11-19,0.014957401441987888
2020-11-20,0.015060057280874346
2020-11-23,0.014627317279035714
2020-11-24,0.015068755591187687
2020-11-25,0.015041636765681462
2020-11-27,0.014989673162167259
2020-11-30,0.015111965740978337
2020-12-01,0.014784231969452924
2020-12-02,0.01480666303765604
2020-12-03,0.014744078294394497
2020-12-04,0.014719771348032918
2020-12-07,0.014723157080062228
2020-12-08,0.014220415601488403
2020-12-09,0.014827215443891388
2020-12-10,0.01174028532195811
2020-12-11,0.011599693040155738
2020-12-14,0.010930122661709944
2020-12-15,0.010871588168178679
2020-12-16,0.010615360078189633
2020-12-17,0.009880506112089134
2020-12-18,0.009469061112525068
2020-12-21,0.009497396636501777
2020-12-22,0.008950259002472054
2020-12-23,0.008462765198943787
2020-12-24,0.00828163178930239
2020-12-28,0.007991433206489994
2020-12-29,0.007997757094178529
2020-12-30,0.007913124551017156
2020-12-31,0.007896323193525212
2021-01-04,0.008149798115946854
2021-01-05,0.008265856565417694
2021-01-06,0.008155545381912632
2021-01-07,0.009068863176072455
2021-01-08,0.008542767268909776
2021-01-11,0.00878078568964863
2021-01-12,0.008777225734006763
2021-01-13,0.008514303160652102
2021-01-14,0.008271372999722052
2021-01-15,0.00872900320843717
2021-01-19,0.008883345431934052
2021-01-20,0.009374849855492513
2021-01-21,0.009365898949198221
2021-01-22,0.009333250610922446
2021-01-25,0.008588397245269486
2021-01-26,0.008589097450446663
2021-01-27,0.009696032009970303
2021-01-28,0.00966750541993123
2021-01-29,0.010391736387565641
2021-02-01,0.011024604618451483
2021-02-02,0.011191822014172379
2021-02-03,0.011217174421008278
2021-02-04,0.011214375521609804
2021-02-05,0.011154966727414714
2021-02-08,0.011281598380088366
2021-02-09,0.011387735373953139
2021-02-10,0.01133375328923291
2021-02-11,0.011305734577641564
2021-02-12,0.011309169527300272
2021-02-16,0.01130834372358307
2021-02-17,0.011106585199570276
2021-02-18,0.011075846595572553
2021-02-19,0.01097701343541191
2021-02-22,0.010574019682505237
2021-02-23,0.01034294373448354
2021-02-24,0.010439309179164238
2021-02-25,0.012057832693052894
2021-02-26,0.012041384096245755
2021-03-01,0.012914786176994009
2021-03-02,0.012873736693784187
2021-03-03,0.013060595226562168
2021-03-04,0.012661744387975312
2021-03-05,0.012798289149114813
2021-03-08,0.013300459372898235
2021-03-09,0.014701592651431922
2021-03-10,0.014731291716754878
2021-03-11,0.014298185218316795
2021-03-12,0.014314436235742568
2021-03-15,0.013763556801448322
2021-03-16,0.013277753603425523
2021-03-17,0.013122705645597416
2021-03-18,0.013984009757011915
2021-03-19,0.013900580274225544
2021-03-22,0.013955515744822315
2021-03-23,0.013764166489307538
2021-03-24,0.013820972736837668
2021-03-25,0.013823811969991275
2021-03-26,0.013953612854619046
2021-03-29,0.01392734003069138
2021-03-30,0.013917285468558728
2021-03-31,0.014062300181113895
2021-04-01,0.01432247261018868
2021-04-05,0.01460747508318597
2021-04-06,0.014277295075411315
2021-04-07,0.01428237269442245
2021-04-08,0.014138530013188013
2021-04-09,0.01275336524491085
2021-04-12,0.012723846533731046
2021-04-13,0.012112790293854439
2021-04-14,0.01198461051051726
2021-04-15,0.011728790279538215
2021-04-16,0.011497380464044245
2021-04-19,0.011579246093564501
2021-04-20,0.010897446802751624
2021-04-21,0.009371254963893648
2021-04-22,0.010041441135738129
2021-04-23,0.009999337475399495
2021-04-26,0.009950167304832927
2021-04-27,0.00999941545698499
2021-04-28,0.009979435038872655
2021-04-29,0.009963860195806858
2021-04-30,0.008467280169669243
2021-05-03,0.008470035889177895
2021-05-04,0.008801094451147408
2021-05-05,0.008719452905052213
2021-05-06,0.008488947019170188
2021-05-07,0.008526422161621137
2021-05-10,0.009255993193449998
2021-05-11,0.009530279659324495
2021-05-12,0.010239591489954833
2021-05-13,0.01013058931659098
2021-05-14,0.010385443759003759
2021-05-17,0.00999771381368582
2021-05-18,0.010167336693299486
2021-05-19,0.010183558489280427
2021-05-20,0.0104726668826398
2021-05-21,0.010376756502552573
2021-05-24,0.010768798082002758
2021-05-25,0.01046617616554039
2021-05-26,0.01031183754702157
2021-05-27,0.009970497420378172
2021-05-28,0.009969586229481518
2021-06-01,0.009906742220732708
2021-06-02,0.009815821910266483
2021-06-03,0.009699861686028714
2021-06-04,0.009597556924589164
2021-06-07,0.009329830499127929
2021-06-08,0.009306591307082787
2021-06-09,0.009262230884145097
2021-06-10,0.009336559460703863
2021-06-11,0.00932079228314845
2021-06-14,0.009283913415573983
2021-06-15,0.009323905141131364
2021-06-16,0.009016176902738832
2021-06-17,0.009056460850227169
2021-06-18,0.009240848045881935
2021-06-21,0.009282566791797127
2021-06-22,0.008704985648388477
2021-06-23,0.008416324717358415
2021-06-24,0.007419303671534327
2021-06-25,0.0074995280511600225
2021-06-28,0.006893363288602844
2021-06-29,0.0068961715235598955
2021-06-30,0.006514940044799418
2021-07-01,0.006323278624450399
2021-07-02,0.006077569198872586
2021-07-06,0.006070579462475307
2021-07-07,0.005482435003444644
2021-07-08,0.005569686418429713
2021-07-09,0.0057173063186662315
2021-07-12,0.00572490260627573
2021-07-13,0.0058473706839378865
2021-07-14,0.005863687441277841
2021-07-15,0.006140412283998902
2021-07-16,0.0064652633484840565
2021-07-19,0.006369591118183305
2021-07-20,0.006700596821314385
2021-07-21,0.006942731745001349
2021-07-22,0.006947051113354586
2021-07-23,0.006926606011714245
2021-07-26,0.0069807367054200735
2021-07-27,0.007234866251131454
2021-07-28,0.007167199880450306
2021-07-29,0.007215544928470461
2021-07-30,0.0075447710413835654
2021-08-02,0.007238988200623606
2021-08-03,0.007252545163599334
2021-08-04,0.007210551334302455
2021-08-05,0.007264413372233879
2021-08-06,0.007229878276104149
2021-08-09,0.007173751427065033
2021-08-10,0.007070056794867019
2021-08-11,0.007138531551354147
2021-08-12,0.007268198912713054
2021-08-13,0.007257250659345866
2021-08-16,0.007124862410045045
2021-08-17,0.007330390606121301
2021-08-18,0.007606019798718535
2021-08-19,0.0075157303075115344
2021-08-20,0.007564881006439547
2021-08-23,0.008299829344156486
2021-08-24,0.0082611249843255
2021-08-25,0.008259078011070155
2021-08-26,0.008200512247682977
2021-08-27,0.007910062931596639
2021-08-30,0.007532710951356893
2021-08-31,0.007379561596559736
2021-09-01,0.007183378828309834
2021-09-02,0.00718403432911937
2021-09-03,0.007126990864227088
2021-09-07,0.007068109270030901
2021-09-08,0.006853508067787266
2021-09-09,0.0069544680292796
2021-09-10,0.007177230319858157
2021-09-13,0.00683533291380276
2021-09-14,0.006815144216829083
2021-09-15,0.006855032721860812
2021-09-16,0.006820568937335857
2021-09-17,0.0071204465498102484
2021-09-20,0.008180307554498601
2021-09-21,0.008172690808791136
2021-09-22,0.008574300826882444
2021-09-23,0.008815402561721567
2021-09-24,0.008691272129090582
2021-09-27,0.008682569844829718
2021-09-28,0.009512503011781076
2021-09-29,0.009380888628784676
2021-09-30,0.009318338655777579
2021-10-01,0.009572729663898629
2021-10-04,0.009711201786631875
2021-10-05,0.009138593887200943
2021-10-06,0.009183624498750612
2021-10-07,0.009367930785903714
2021-10-08,0.009305911381650623
2021-10-11,0.009219833653838362
2021-10-12,0.009087272765109013
2021-10-13,0.009080235296069447
2021-10-14,0.00959323994170227
2021-10-15,0.00975776101623826
2021-10-18,0.009835986794842955
2021-10-19,0.009909094821985119
2021-10-20,0.009894124482549376
2021-10-21,0.009862941351745777
2021-10-22,0.009660619060552718
2021-10-25,0.009927177293826858
2021-10-26,0.010079055380838845
2021-10-27,0.009968543765986677
2021-10-28,0.010115213191578216
2021-10-29,0.009780728720022695
2021-11-01,0.008606535832358058
2021-11-02,0.008596856401700437
2021-11-03,0.008380393817827311
2021-11-04,0.00849719443817203
2021-11-05,0.008627988620896056
2021-11-08,0.00866486008381279
2021-11-09,0.007807657812315824
2021-11-10,0.00799655092990124
2021-11-11,0.007623214765406274
2021-11-12,0.007509957621036141
2021-11-15,0.00683809152727154
2021-11-16,0.006736476266759913
2021-11-17,0.006753492025459531
2021-11-18,0.006937770106740413
2021-11-19,0.006911754246165703
2021-11-22,0.00672549349487913
2021-11-23,0.006615530886573494
2021-11-24,0.00658986128333753
2021-11-26,0.007762388162021507
2021-11-29,0.008082371268960798
2021-11-30,0.008448794863660784
2021-12-01,0.008785643480770726
2021-12-02,0.008799497612566386
2021-12-03,0.00937552598435471
2021-12-06,0.009340836760878851
2021-12-07,0.01017067196327014
2021-12-08,0.010017654833247762
2021-12-09,0.010311802984042055
2021-12-10,0.010203517308629277
2021-12-13,0.010523199031428834
2021-12-14,0.010558571964248935
2021-12-15,0.011262528960468823
2021-12-16,0.01163884391678948
2021-12-17,0.01152796785774227
2021-12-20,0.011395186567951783
2021-12-21,0.011866070562514064
2021-12-22,0.012062365804865732
2021-12-23,0.012044830365862078
2021-12-27,0.012282960283686358
2021-12-28,0.012342543112616131
2021-12-29,0.012350808746011806
2021-12-30,0.012365397490337668
2021-12-31,0.012380891338770532
2022-01-03,0.012676401610880666
2022-01-04,0.012740455522268096
2022-01-05,0.013375876935938513
2022-01-06,0.013379574096157578
2022-01-07,0.013393140935337767
2022-01-10,0.012841686158880828
2022-01-11,0.012634980865684492
2022-01-12,0.012533127264629242
2022-01-13,0.01315416541988423
2022-01-14,0.013120095600044663
2022-01-18,0.013317827720368186
2022-01-19,0.013513000170051439
2022-01-20,0.012582196849161304
2022-01-21,0.013311035459163066
2022-01-24,0.013208344999508917
2022-01-25,0.013098756346204325
2022-01-26,0.01307299490049225
2022-01-27,0.013197857348435399
2022-01-28,0.013491332482008525
2022-01-31,0.01418270706471544
2022-02-01,0.014146990507855
2022-02-02,0.014163559173594784
2022-02-03,0.014585565642226201
2022-02-04,0.014827053958998906
2022-02-07,0.01476495611598595
2022-02-08,0.014524754839645175
2022-02-09,0.014654933029503813
2022-02-10,0.0149640972746164
2022-02-11,0.015488243059117895
2022-02-14,0.015496834475870967
2022-02-15,0.015468449835383868
2022-02-16,0.01546097027320098
2022-02-17,0.015635496373910044
2022-02-18,0.01572415728350301
2022-02-22,0.01584927356693107
2022-02-23,0.01633156777967887
2022-02-24,0.016554184981492068
2022-02-25,0.017035550391593775
2022-02-28,0.01658919596847491
2022-03-01,0.016748636695812096
2022-03-02,0.016845628558440198
2022-03-03,0.016799133413473284
2022-03-04,0.016761356042190242
2022-03-07,0.01705950279227471
2022-03-08,0.01707214575622106
2022-03-09,0.01778874357400355
2022-03-10,0.01773947634153163
2022-03-11,0.0178058154525437
2022-03-14,0.01718592139164227
2022-03-15,0.01703718850650366
2022-03-16,0.017790038534671107
2022-03-17,0.017952454923430426
2022-03-18,0.017630753410764723
2022-03-21,0.017224415047812292
2022-03-22,0.017435528390142764
2022-03-23,0.017490890345151288
2022-03-24,0.01774940705252328
2022-03-25,0.017426666847833977
2022-03-28,0.01691790655566116
2022-03-29,0.016930861801264276
2022-03-30,0.016666511242808938
2022-03-31,0.016998457443201706
2022-04-01,0.01625007362050224
2022-04-04,0.016238573780160713
2022-04-05,0.016438514334964575
2022-04-06,0.01603068906715377
2022-04-07,0.01578807007564663
2022-04-08,0.015528498823219338
2022-04-11,0.01637489984379089
2022-04-12,0.016120626096722834
2022-04-13,0.015948305103189023
2022-04-14,0.016155531409827617
2022-04-18,0.016093704225510996
2022-04-19,0.015033255628248905
2022-04-20,0.015157213765824072
2022-04-21,0.014634359288167238
2022-04-22,0.01535221351506893
2022-04-25,0.015145487902316044
2022-04-26,0.016424549041557147
2022-04-27,0.015853610321463044
2022-04-28,0.01588539664482825
2022-04-29,0.017318354617137984
2022-05-02,0.017103514417588072
2022-05-03,0.017108841391386756
2022-05-04,0.017938918942680012
2022-05-05,0.01949631084789146
2022-05-06,0.019019563945577935
2022-05-09,0.020184399908458914
2022-05-10,0.020061636154948964
2022-05-11,0.02017911123954376
2022-05-12,0.020186105102735066
2022-05-13,0.02135190132054556
2022-05-16,0.02133226730682944
2022-05-17,0.02176783924034563
2022-05-18,0.022924664403525623
2022-05-19,0.02282977041419955
2022-05-20,0.022727644569853413
2022-05-23,0.02335738981148425
2022-05-24,0.02309001136853292
2022-05-25,0.02339507200303582
2022-05-26,0.02378386356513412
2022-05-27,0.02438093169543339
2022-05-31,0.024349907778296355
2022-06-01,0.024203256703281332
2022-06-02,0.024600516625571493
2022-06-03,0.02483109018977793
2022-06-06,0.024482492949099672
2022-06-07,0.02450759915169998
2022-06-08,0.02360145074378285
2022-06-09,0.024040473550379405
2022-06-10,0.0242036475894511
2022-06-13,0.024269143235436316
2022-06-14,0.024110353065279342
2022-06-15,0.024554749372010895
2022-06-16,0.024405679208625818
2022-06-17,0.023268913014714388
2022-06-21,0.024491184319865848
2022-06-22,0.02329713358624513
2022-06-23,0.023268481161788077
2022-06-24,0.023713758266990927
2022-06-27,0.023723746593983443
2022-06-28,0.023399303051968242
2022-06-29,0.023357403589307706
2022-06-30,0.022918346374450536
2022-07-01,0.02141493013426625
2022-07-05,0.021462530965282476
2022-07-06,0.021457709180558702
2022-07-07,0.021465698353607884
2022-07-08,0.021227229646894157
2022-07-11,0.021418297399781683
2022-07-12,0.02097072322445827
2022-07-13,0.020136770915949374
2022-07-14,0.020136128196884356
2022-07-15,0.02043712358376184
2022-07-18,0.019907652363741687
2022-07-19,0.02025725123462622
2022-07-20,0.02032295345864863
2022-07-21,0.020423952153364525
2022-07-22,0.02055673833729598
2022-07-25,0.02004693049961302
2022-07-26,0.019145022579315434
2022-07-27,0.018443729599421605
2022-07-28,0.018464164893632385
2022-07-29,0.018599711867570822
2022-08-01,0.017075959957678664
2022-08-02,0.017189922785970507
2022-08-03,0.01612219157372658
2022-08-04,0.01608907758659346
2022-08-05,0.016196819422799498
2022-08-08,0.01524141350751164
2022-08-09,0.015226560437617602
2022-08-10,0.014872148380047532
2022-08-11,0.01492354601739151
2022-08-12,0.014968498199270293
2022-08-15,0.01495443554493678
2022-08-16,0.014954377671577888
2022-08-17,0.015132658481396128
2022-08-18,0.014654888616564932
2022-08-19,0.015093568848502685
2022-08-22,0.015118332292428614
2022-08-23,0.014885033436470935
2022-08-24,0.014868440867818727
2022-08-25,0.0149899677059354
2022-08-26,0.016654348956641318
2022-08-29,0.016689679052519342
2022-08-30,0.016168737286059397
2022-08-31,0.016189467634198856
2022-09-01,0.015962889392163906
2022-09-02,0.015897682365695665
2022-09-06,0.01591267181829086
2022-09-07,0.015944710296354123
2022-09-08,0.014314027710168296
2022-09-09,0.014649279452067999
2022-09-12,0.013900142258140484
2022-09-13,0.01651164393078189
2022-09-14,0.016610907954303544
2022-09-15,0.016377007756800396
2022-09-16,0.01637654341158578
2022-09-19,0.01645905927727624
2022-09-20,0.016480526903833465
2022-09-21,0.016704310851727956
2022-09-22,0.015860758931972033
2022-09-23,0.0161642039813647
2022-09-26,0.015267270594941299
2022-09-27,0.015204138767437956
2022-09-28,0.01580476819186797
2022-09-29,0.016229585734144392
2022-09-30,0.01624291023345085
2022-10-03,0.016703764564163063
2022-10-04,0.017628904267207514
2022-10-05,0.017584493653941963
2022-10-06,0.01758371587276979
2022-10-07,0.018104205573360285
2022-10-10,0.017047053203933286
2022-10-11,0.01707836989811112
2022-10-12,0.017051578598006344
2022-10-13,0.01791683914510719
2022-10-14,0.01854444745987651
2022-10-17,0.019948718057470605
2022-10-18,0.020075823439731355
2022-10-19,0.019753055330280597
2022-10-20,0.019689780090766842
2022-10-21,0.020114342521984883
2022-10-24,0.020076083332116433
2022-10-25,0.018359142048762118
2022-10-26,0.01861059618572089
2022-10-27,0.018542484306477893
2022-10-28,0.019152709234940692
2022-10-31,0.01921584054099306
2022-11-01,0.01918347762063566
2022-11-02,0.019680562880106726
2022-11-03,0.019701383116549388
2022-11-04,0.019584816417442332
2022-11-07,0.01954168149055057
2022-11-08,0.019540804817267388
2022-11-09,0.020066398673707502
2022-11-10,0.023203402635311617
2022-11-11,0.02321144125287635
2022-11-14,0.023112199843373146
2022-11-15,0.022492477375446806
2022-11-16,0.02262615584397304
2022-11-17,0.022589671131318996
2022-11-18,0.021527079583184512
2022-11-21,0.021552147161919936
2022-11-22,0.021573495623435277
2022-11-23,0.021675322902190246
2022-11-25,0.02126614389871787
2022-11-28,0.020624563006842383
2022-11-29,0.019611958227188458
2022-11-30,0.020923670988913616
2022-12-01,0.020893919791779385
2022-12-02,0.020842776149623498
2022-12-05,0.020741453993502502
2022-12-06,0.021006563422024515
2022-12-07,0.020744435872336778
2022-12-08,0.020580200419567686
2022-12-09,0.020528595135655726
2022-12-12,0.02008205021980962
2022-12-13,0.020003233471506992
2022-12-14,0.019993839370597892
2022-12-15,0.01978168641048719
2022-12-16,0.019926348189060264
2022-12-19,0.01979247263531953
2022-12-20,0.01980492129342598
2022-12-21,0.019957128843814946
2022-12-22,0.0198259637179695
2022-12-23,0.01518566267627905
2022-12-27,0.01503646722034275
2022-12-28,0.015039659066189022
2022-12-29,0.015837053017898457
2022-12-30,0.015743204646078476
2023-01-03,0.01597663455912485
2023-01-04,0.01600289377948323
2023-01-05,0.01604975114226469
2023-01-06,0.016384702162387632
2023-01-09,0.016142452395175182
2023-01-10,0.016209374075458267
2023-01-11,0.016548503364343145
2023-01-12,0.016567607831968305
2023-01-13,0.014579973050447686
2023-01-17,0.014630595316764123
2023-01-18,0.014907055990454707
2023-01-19,0.014476436862551697
2023-01-20,0.01507991145309973
2023-01-23,0.015535954677452503
2023-01-24,0.0153284933504734
2023-01-25,0.015307699332087976
2023-01-26,0.015852809528369618
2023-01-27,0.016016350395534607
2023-01-30,0.016550159383013945
2023-01-31,0.01610382872392427
2023-02-01,0.015900869641290477
2023-02-02,0.0162041682552855
2023-02-03,0.016400447070108553
2023-02-06,0.016348536053257333
2023-02-07,0.015405210376088285
2023-02-08,0.01566252782114962
2023-02-09,0.014995590360082146
2023-02-10,0.014912698370447272
2023-02-13,0.014452358464756431
2023-02-14,0.014457189087544564
2023-02-15,0.013840365178905049
2023-02-16,0.014583922875826947
2023-02-17,0.014262992833550033
2023-02-21,0.01465078537034796
2023-02-22,0.014658161783662256
2023-02-23,0.014834375515304019
2023-02-24,0.014846559215886134
2023-02-27,0.014858260039730582
2023-02-28,0.01484154008484064
2023-03-01,0.01499097018693241
2023-03-02,0.014531950466391436
2023-03-03,0.014739410103631737
2023-03-06,0.013972861664793569
2023-03-07,0.0139144644115073
2023-03-08,0.013913581681115728
2023-03-09,0.014574685654203539
2023-03-10,0.013919447397005576
2023-03-13,0.013640590327656896
2023-03-14,0.013611485700340906
2023-03-15,0.01321570127280116
2023-03-16,0.013602723179612428
2023-03-17,0.012830941720844827
2023-03-20,0.01269879922603299
2023-03-21,0.013363773880463394
2023-03-22,0.013142951360705611
2023-03-23,0.013060473462506023
2023-03-24,0.012980160766397129
2023-03-27,0.012948588150169927
2023-03-28,0.012814174933481812
2023-03-29,0.013018657984145407
2023-03-30,0.013036236926463792
2023-03-31,0.012824266265574095
2023-04-03,0.012759921296588187
2023-04-04,0.012014252577098464
2023-04-05,0.012106554674587402
2023-04-06,0.011841896786658009
2023-04-10,0.011532214053153734
2023-04-11,0.011564052525757844
2023-04-12,0.0117150659937778
2023-04-13,0.011866480226905233
2023-04-14,0.011888267959455967
2023-04-17,0.011440830080686703
2023-04-18,0.011440202035632587
2023-04-19,0.010948401051001345
2023-04-20,0.011373260875015933
2023-04-21,0.01040103586135956
2023-04-24,0.01023528070465448
2023-04-25,0.010910101400243623
2023-04-26,0.010242754022323419
2023-04-27,0.010863286470357301
2023-04-28,0.010131243274969087
2023-05-01,0.010011429591130083
2023-05-02,0.01024130783086067
2023-05-03,0.009556956377924614
2023-05-04,0.009216987845463931
2023-05-05,0.01007190651809881
2023-05-08,0.010084809924394028
2023-05-09,0.010179063070766879
2023-05-10,0.010222701899068319
2023-05-11,0.009902970028347243
2023-05-12,0.00995401286123666
2023-05-15,0.009478657237003174
2023-05-16,0.009468891628286109
2023-05-17,0.009825941667586446
2023-05-18,0.009982697930681576
2023-05-19,0.009955177510567665
2023-05-22,0.009975493334444535
2023-05-23,0.010027219109870885
2023-05-24,0.009902645786701681
2023-05-25,0.010361034438032513
2023-05-26,0.010611860194334728
2023-05-30,0.01061815809231548
2023-05-31,0.010773962510088494
2023-06-01,0.01101474904431703
2023-06-02,0.010661481926782205
2023-06-05,0.010671413256890328
2023-06-06,0.01063809084346512
2023-06-07,0.010123512603496726
2023-06-08,0.010216214908270838
2023-06-09,0.009625994725665436
2023-06-12,0.009734618458173338
2023-06-13,0.009743017036150377
2023-06-14,0.009347472660792226
2023-06-15,0.009063453759029049
2023-06-16,0.008952129880585743
2023-06-20,0.008286043454846155
2023-06-21,0.008771655453951097
2023-06-22,0.008599649864244501
2023-06-23,0.009009230645591315
2023-06-26,0.009815986145289658
2023-06-27,0.009739303975536982
2023-06-28,0.009735324965607636
2023-06-29,0.009729867264536047
2023-06-30,0.009701285558841134
2023-07-03,0.009539418417280583
2023-07-05,0.009526120962359863
2023-07-06,0.009904820933820297
2023-07-07,0.009782227172340433
2023-07-10,0.009841417061822252
2023-07-11,0.009001565785103773
2023-07-12,0.008819121240525777
2023-07-13,0.009109827461645674
2023-07-14,0.008918409970612022
2023-07-17,0.008661403114838593
2023-07-18,0.008482546806384356
2023-07-19,0.0084786950260442
2023-07-20,0.009183379323641386
2023-07-21,0.009012571991488482
2023-07-24,0.008920062625432917
2023-07-25,0.008911978492644747
2023-07-26,0.0087166272180073
2023-07-27,0.008740601153406396
2023-07-28,0.009053745768514128
2023-07-31,0.008940176391103562
2023-08-01,0.009064996339337487
2023-08-02,0.009775693931119819
2023-08-03,0.009535376610614502
2023-08-04,0.009406312705419737
2023-08-07,0.00922779819432931
2023-08-08,0.008630267963319055
2023-08-09,0.00875301158865799
2023-08-10,0.008750105979453629
2023-08-11,0.00876157580697093
2023-08-14,0.008500454691909177
2023-08-15,0.008868496888931968
2023-08-16,0.009020586378944026
2023-08-17,0.008776244383702302
2023-08-18,0.008773143663695112
2023-08-21,0.009280285293416232
2023-08-22,0.009249917017996849
2023-08-23,0.009277153001984085
2023-08-24,0.009236613346358984
2023-08-25,0.009353926051120126
2023-08-28,0.009302404103953697
2023-08-29,0.009978390698838265
2023-08-30,0.00999706886016117
2023-08-31,0.009479799177239146
2023-09-01,0.009480299713149168
2023-09-05,0.009357624966794906
2023-09-06,0.009642123156335856
2023-09-07,0.009677231160364064
2023-09-08,0.009576335257985787
2023-09-11,0.00955428878717548
2023-09-12,0.00956927136952652
2023-09-13,0.009525540660326728
2023-09-14,0.008962010136953122
2023-09-15,0.009333407070059089
2023-09-18,0.009337079841628026
2023-09-19,0.009247768975194316
2023-09-20,0.009598498940451325
2023-09-21,0.010029474110257841
2023-09-22,0.010046577150285988
2023-09-25,0.010136353349954203
2023-09-26,0.010292324263336457
2023-09-27,0.009988136357381421
2023-09-28,0.009921682308905678
2023-09-29,0.009934279578720872
2023-10-02,0.010073946588381077
2023-10-03,0.00986463817808466
2023-10-04,0.009995867654031508
2023-10-05,0.009767798229283064
2023-10-06,0.009624482793554255
2023-10-09,0.009555658695815993
2023-10-10,0.00955696097676258
2023-10-11,0.008788195793234753
2023-10-12,0.008769062824311204
2023-10-13,0.008878294347615836
2023-10-16,0.009190570243484093
2023-10-17,0.00920133086932137
2023-10-18,0.009438504055600547
2023-10-19,0.009539013760592048
2023-10-20,0.009923646143611266
2023-10-23,0.00954510473797431
2023-10-24,0.009711280112462289
2023-10-25,0.0100415909487702
2023-10-26,0.010086769902182383
2023-10-27,0.009912776119839171
2023-10-30,0.010230526210517062
2023-10-31,0.010287268381627376
2023-11-01,0.01044551314021257
2023-11-02,0.01055711122525816
2023-11-03,0.010642822875248993
2023-11-06,0.010600930047010806
2023-11-07,0.010225977812626238
2023-11-08,0.010222141321463481
2023-11-09,0.010395153008663978
2023-11-10,0.010754905563370826
2023-11-13,0.010633615987258014
2023-11-14,0.010686832472267668
2023-11-15,0.01060324665422187
2023-11-16,0.010539977221454808
2023-11-17,0.010402697535278137
2023-11-20,0.010451634099294487
2023-11-21,0.01043018434143901
2023-11-22,0.010421300490306108
2023-11-24,0.010383435775102565
2023-11-27,0.010223387125995676
2023-11-28,0.010040741465513885
2023-11-29,0.010028319157455971
2023-11-30,0.009424864810975743
2023-12-01,0.00923765446804049
2023-12-04,0.008774398891342048
2023-12-05,0.008805310134113472
2023-12-06,0.008963842368072723
2023-12-07,0.008328659308153012
2023-12-08,0.007528546338977109
2023-12-11,0.007700720156286599
2023-12-12,0.007561921847564469
2023-12-13,0.00756748580020232
2023-12-14,0.007257216290506574
2023-12-15,0.006555424358198335
2023-12-18,0.0066075547088199574
2023-12-19,0.006695865030769661
2023-12-20,0.007385346256585714
2023-12-21,0.007631365581592166
2023-12-22,0.007244261514463348
2023-12-26,0.006804031255616568
2023-12-27,0.006802921957549734
2023-12-28,0.006141092369398851
2023-12-29,0.006182253789118551
2024-01-02,0.006205703585570858
2024-01-03,0.006326363819955799
2024-01-04,0.006375729640865536
2024-01-05,0.006403804395127242
2024-01-08,0.007021776136619408
2024-01-09,0.007010158721482444
2024-01-10,0.007046188258776183
2024-01-11,0.007081366563695961
2024-01-12,0.007026661917733171
2024-01-16,0.007052313442680799
2024-01-17,0.007139155892730912
2024-01-18,0.007030106737555259
2024-01-19,0.007262754388610319
2024-01-22,0.007018078611938841
2024-01-23,0.006803604969735506
2024-01-24,0.006783745587883718
2024-01-25,0.006725853055071255
2024-01-26,0.006725859968846727
2024-01-29,0.006923062805499994
2024-01-30,0.006944200273432787
2024-01-31,0.00806777138732403
2024-02-01,0.008158921497143305
2024-02-02,0.008309562334203434
2024-02-05,0.0077507729229368705
2024-02-06,0.007515293088901286
2024-02-07,0.007631006142445267
2024-02-08,0.00761861586962541
2024-02-09,0.007767694278783619
2024-02-12,0.00780665510193743
2024-02-13,0.008268433222478175
2024-02-14,0.008354101556719966
2024-02-15,0.008299857209822207
2024-02-16,0.008165348778062263
2024-02-20,0.008344817856191546
2024-02-21,0.007902460042491276
2024-02-22,0.009083806022930503
2024-02-23,0.009109009058864614
2024-02-26,0.009127582058375614
2024-02-27,0.009134518952415785
2024-02-28,0.009106827364379405
2024-02-29,0.00897812079245041
2024-03-01,0.008934261698093861
2024-03-04,0.00904152828544295
2024-03-05,0.009218641430878185
2024-03-06,0.00922306388177202
2024-03-07,0.0093285085030937
2024-03-08,0.00932295953243176
2024-03-11,0.009351223707241433
2024-03-12,0.00939866324474212
2024-03-13,0.009401388412413586
2024-03-14,0.008350011899144454
2024-03-15,0.008279752626773003
2024-03-18,0.008334508747162808
2024-03-19,0.008314542824867996
2024-03-20,0.008448768922409753
2024-03-21,0.008397258438059288
2024-03-22,0.008396488812199364
2024-03-25,0.008271185199816532
2024-03-26,0.008213029725935794
2024-03-27,0.007708429159667628
2024-03-28,0.007635483422473993
2024-04-01,0.007564519779233707
2024-04-02,0.007687421371311169
2024-04-03,0.007498056579410621
2024-04-04,0.007822671141470424
2024-04-05,0.006455937657108505
2024-04-08,0.006438198091380305
2024-04-09,0.0063739603949317806
2024-04-10,0.006510609259057701
2024-04-11,0.00691343634766451
2024-04-12,0.007753431003236337
2024-04-15,0.008272116449035213
2024-04-16,0.008071077904010755
2024-04-17,0.008023942044779476
2024-04-18,0.0080271823819956
2024-04-19,0.008018197565314928
2024-04-22,0.008169222827806384
2024-04-23,0.00843126412732254
2024-04-24,0.008365101156272437
2024-04-25,0.00835911092565539
2024-04-26,0.008915295717870418
2024-04-29,0.009223281783545994
2024-04-30,0.009687381018594633
2024-05-01,0.00967110653563163
2024-05-02,0.009765225143930072
2024-05-03,0.010030049504952527
2024-05-06,0.010207141693538724
2024-05-07,0.010268698607158802
2024-05-08,0.010263862238207336
2024-05-09,0.010222542386966547
2024-05-10,0.010231430299806535
2024-05-13,0.01026419406237833
2024-05-14,0.01019745882422557
2024-05-15,0.010264297154543234
2024-05-16,0.01000537970945219
2024-05-17,0.009939185259869665
2024-05-20,0.009976850661309744
2024-05-21,0.010096165038529037
2024-05-22,0.01003914359532126
2024-05-23,0.009896687268284842
2024-05-24,0.009323079836382532
2024-05-28,0.008703976329007839
2024-05-29,0.008651215028134918
2024-05-30,0.008594255107459026
2024-05-31,0.0084850483383022
2024-06-03,0.008112684297773039
2024-06-04,0.008066547472703014
2024-06-05,0.007983793019433628
2024-06-06,0.007894652182965612
2024-06-07,0.007916385964381377
2024-06-10,0.007520758867298227
2024-06-11,0.007102406097733963
2024-06-12,0.00588383046235189
2024-06-13,0.005883312715251465
2024-06-14,0.005640301745648741
2024-06-17,0.0053297971414317654
2024-06-18,0.005064009683312828
2024-06-20,0.004929338926225618
2024-06-21,0.004955993310884539
2024-06-24,0.004973957132288947
2024-06-25,0.005181941285166943
2024-06-26,0.0052689106989587745
2024-06-27,0.005204477979887913
2024-06-28,0.005273555188947487
2024-07-01,0.005742021018293541
2024-07-02,0.006013502021099885
2024-07-03,0.0060738854347416335
2024-07-05,0.005963008690634404
2024-07-08,0.005856608141067752
2024-07-09,0.005525483302916546
2024-07-10,0.0055456441712878595
2024-07-11,0.007058480812302026
2024-07-12,0.006950613888717158
2024-07-15,0.00675219882681713
2024-07-16,0.00673808816034035
2024-07-17,0.007295331229295051
2024-07-18,0.007529313305067255
2024-07-19,0.007681223349643456
2024-07-22,0.00782990645963742
2024-07-23,0.007824947110733728
2024-07-24,0.009733044696792495
2024-07-25,0.009764707585379331
2024-07-26,0.009824494831485538
2024-07-29,0.00982365224029933
2024-07-30,0.00987652771353796
2024-07-31,0.010209354477873281
2024-08-01,0.010825033345116442
2024-08-02,0.01154978384186234
2024-08-05,0.013209986887870107
2024-08-06,0.01327875030387174
2024-08-07,0.013140387894893257
2024-08-08,0.01361989925778198
2024-08-09,0.01363012017782926
2024-08-12,0.013614352475982633
2024-08-13,0.013842097555849689
2024-08-14,0.01362739791179448
2024-08-15,0.013923433647677242
2024-08-16,0.01387066829281966
2024-08-19,0.014099483010604867
2024-08-20,0.01409141975038725
2024-08-21,0.013927493652502142
2024-08-22,0.013691904504530098
2024-08-23,0.013947551168905923
2024-08-26,0.01388760458105778
2024-08-27,0.013868263901871729
2024-08-28,0.013777593467658668
2024-08-29,0.013723568811688383
2024-08-30,0.013847939644545108
2024-09-03,0.014512174383056605
2024-09-04,0.014514590828099212
2024-09-05,0.013527420421879828
2024-09-06,0.014251386373285414
2024-09-09,0.014430793696825955
2024-09-10,0.0144171986588719
2024-09-11,0.014661584651738443
2024-09-12,0.014405726994834028
2024-09-13,0.014002870899883136
2024-09-16,0.013383910304613153
2024-09-17,0.011510464272969693
2024-09-18,0.011517462341842939
2024-09-19,0.011833000816996925
2024-09-20,0.011421140061093921
2024-09-23,0.011426752208566055
2024-09-24,0.011436160717030427
2024-09-25,0.010979162716713111
2024-09-26,0.010992863211893418
2024-09-27,0.010529929334609835
2024-09-30,0.010542787389206332
2024-10-01,0.010517036470295883
2024-10-02,0.010505238619003966
2024-10-03,0.010530061663596445
2024-10-04,0.010443868453663388
2024-10-07,0.010308114876597699
2024-10-08,0.010382727082454307
2024-10-09,0.01041078888363751
2024-10-10,0.010288474960377972
2024-10-11,0.010290546930405316
2024-10-14,0.010107256701513431
2024-10-15,0.008779072203401945
2024-10-16,0.008748529506565949
2024-10-17,0.008751180512318588
2024-10-18,0.007203090544053655
2024-10-21,0.006778441733757573
2024-10-22,0.006778640797992064
2024-10-23,0.0069532980180421
2024-10-24,0.007688572230890907
2024-10-25,0.007704235907613028
2024-10-28,0.007702915618802533
2024-10-29,0.007722941715157449
2024-10-30,0.007690538275565057
2024-10-31,0.008117294599076215
2024-11-01,0.008141097636888297
2024-11-04,0.00812569590026098
2024-11-05,0.008381564194574077
2024-11-06,0.010565744765336029
2024-11-07,0.010609088742696017
2024-11-08,0.010613528713387017
2024-11-11,0.010605738760925909
2024-11-12,0.010361002807375997
2024-11-13,0.0103187209723295
2024-11-14,0.010483390612541388
2024-11-15,0.010736523079320002
2024-11-18,0.010579625174437344
2024-11-19,0.010622936694745533
2024-11-20,0.010641442535203634
2024-11-21,0.010642812482333563
2024-11-22,0.010626689981194367
2024-11-25,0.010592906857449104
2024-11-26,0.010535898770604084
2024-11-27,0.010605349495621707
2024-11-29,0.010671813482122391
2024-12-02,0.010682425386786367
2024-12-03,0.010685311743250955
2024-12-04,0.010692370219743199
2024-12-05,0.01029875035993163
2024-12-06,0.009811407300422799
2024-12-09,0.009823437199238366
2024-12-10,0.009818779980242892
2024-12-11,0.010050506848170274
2024-12-12,0.010102556402682457
2024-12-13,0.008905622899590966
2024-12-16,0.008935406822912589
2024-12-17,0.008834379295092672
2024-12-18,0.010737693446273884
2024-12-19,0.008680876545006197
2024-12-20,0.008698848806668043
2024-12-23,0.00880836622597022
2024-12-24,0.009129440849458536
2024-12-26,0.009157992806524434
2024-12-27,0.009566121824132337
2024-12-30,0.009606409268406203
2024-12-31,0.009169688645350968
2025-01-02,0.009186759076784566
2025-01-03,0.00955633612410701
2025-01-06,0.00959299280900123
2025-01-07,0.009929468285752165
2025-01-08,0.009925952116453777
2025-01-10,0.010248872105507007
2025-01-13,0.010236227551152721
2025-01-14,0.010207723921540904
2025-01-15,0.010925757492264512
2025-01-16,0.011056850324034468
2025-01-17,0.011333629306740966
2025-01-21,0.011328185306475063
2025-01-22,0.01127314236916777
2025-01-23,0.011228380744353193
2025-01-24,0.011278027133608119
2025-01-27,0.011599568928718695
2025-01-28,0.011561842774332427
2025-01-29,0.011613323231093943
2025-01-30,0.011620598985623672
2025-01-31,0.011580931432355432
2025-02-03,0.011792996297688683
2025-02-04,0.010525833193689592
2025-02-05,0.010546424284921396
2025-02-06,0.010441225062252507
2025-02-07,0.010558799523464779
2025-02-10,0.010219085552663596
2025-02-11,0.010208575817476214
2025-02-12,0.009918682120774121
2025-02-13,0.01014770598926243
2025-02-14,0.010067786612982278
2025-02-18,0.009988472033495926
2025-02-19,0.00952437988403671
2025-02-20,0.009467919083529244
2025-02-21,0.009593158273653394
2025-02-24,0.009696696424964193
2025-02-25,0.009802171366674684
2025-02-26,0.009809177041776425
2025-02-27,0.010414729280364387
2025-02-28,0.010038037913616151
2025-03-03,0.010778339252392532
2025-03-04,0.0104646533369317
2025-03-05,0.010646696576694327
2025-03-06,0.010825183844772886
2025-03-07,0.010882816922384436
2025-03-10,0.012486234254001296
2025-03-11,0.012335708894019576
2025-03-12,0.012251331315149036
2025-03-13,0.012418402344298167
2025-03-14,0.01336597154534768
2025-03-17,0.013359808881942785
2025-03-18,0.013340797291032998
2025-03-19,0.0134906263519159
2025-03-20,0.013501108704034424
2025-03-21,0.013600226429172692
2025-03-24,0.014339389291375298
2025-03-25,0.014370163782585259
2025-03-26,0.014635428803180361
2025-03-27,0.014637495760677554
2025-03-28,0.014672940662458665
2025-03-31,0.014682320847287784
2025-04-01,0.014760927758374637
2025-04-02,0.014810469223937946
2025-04-03,0.017025663660521616
2025-04-04,0.019786738396083362
2025-04-07,0.01979284871204096
2025-04-08,0.01990490399757644
2025-04-09,0.028536302562183997
2025-04-10,0.029169971325015545
2025-04-11,0.029288902778213263
2025-04-14,0.02903904622872037
2025-04-15,0.02898870207345575
2025-04-16,0.0292489259969886
2025-04-17,0.029163175767332246
2025-04-21,0.029375633637506237
2025-04-22,0.02920885883527085
2025-04-23,0.029455614589791058
2025-04-24,0.029638696836630646
2025-04-25,0.02965154112749351
2025-04-28,0.02934143421656173
2025-04-29,0.02936717362256636
2025-04-30,0.029254256438457384
2025-05-01,0.02920055783481722
2025-05-02,0.029249916324334345
2025-05-05,0.029304344066873433
2025-05-06,0.02898019029512939
2025-05-07,0.028947905251379594
2025-05-08,0.028863114033754262
2025-05-09,0.02886110237670595
2025-05-12,0.02937513188534143
2025-05-13,0.029438626959758525
2025-05-14,0.02944626016474137
2025-05-15,0.029427261171793492
2025-05-16,0.02777986138302715
2025-05-19,0.025013220966459106
2025-05-20,0.025018994505721343
2025-05-21,0.02475210835754247
2025-05-22,0.016103490993424376
2025-05-23,0.014099280684688915
2025-05-27,0.014123221799815507
2025-05-28,0.014300989040915535
2025-05-29,0.014266331363928405
2025-05-30,0.013188092729619346
2025-06-02,0.013182432389880094
2025-06-03,0.01208079320950849
2025-06-04,0.011424358573654222
2025-06-05,0.011699951291009172
2025-06-06,0.011516495553971065
2025-06-09,0.011326457059830718
2025-06-10,0.011415781941002876
2025-06-11,0.011446324125572466
2025-06-12,0.011370130660911698
2025-06-13,0.011379233946262488
2025-06-16,0.01135980230190877
2025-06-17,0.011260683561775857
2025-06-18,0.011081045577901261
2025-06-20,0.01109269526049532
2025-06-23,0.01106386106079452
2025-06-24,0.0110656318562159
2025-06-25,0.008826251664217827
2025-06-26,0.008658335939725639
2025-06-27,0.008613433944183707
2025-06-30,0.008621394168985148
2025-07-01,0.00860864977513678
2025-07-02,0.008794636157393686
2025-07-03,0.008835239647132925
2025-07-07,0.008944659268563991
2025-07-08,0.008961372142788962
2025-07-09,0.008838932348467068
2025-07-10,0.008037603582820818
2025-07-11,0.007804913623159433
2025-07-14,0.007801650253893148
2025-07-15,0.007723912511224283
2025-07-16,0.007723395812127121
2025-07-17,0.007739490118865515
2025-07-18,0.007690160233820921
2025-07-21,0.006737602865500407
2025-07-22,0.006158737472513771
2025-07-23,0.005983562575690117
2025-07-24,0.005706266325940576
2025-07-25,0.00564869291846356
2025-07-28,0.005648692577584339
2025-07-29,0.005488977450733483
2025-07-30,0.005388775662151935
2025-07-31,0.0052277918819928
2025-08-01,0.006555357682679006
2025-08-04,0.006713450612596353
2025-08-05,0.0065687998515026325
2025-08-06,0.006736201335307191
2025-08-07,0.0067499159420688504
2025-08-08,0.0069424407869766325
2025-08-11,0.006909239430677597
2025-08-12,0.006960157429163878
2025-08-13,0.006925004548740712
2025-08-14,0.006645451659052503
2025-08-15,0.006559256073587731
2025-08-18,0.005908930771153951
2025-08-19,0.006076871358677794
2025-08-20,0.0061573422530474525
2025-08-21,0.005975124365493603
2025-08-22,0.0068048717304977965
2025-08-25,0.0068094136270258525
2025-08-26,0.006787831903808286
2025-08-27,0.006791751845497411
2025-08-28,0.00676354387279965
2025-08-29,0.00688951080625437
2025-09-02,0.007016865795734233
2025-09-03,0.007230602465182359
2025-09-04,0.007280899389630516
2025-09-05,0.007400385314785268
2025-09-08,0.0073935863353311254
2025-09-09,0.007469165740096569
2025-09-10,0.007468468131920782
2025-09-11,0.007604965410840071
2025-09-12,0.007494964831788086
2025-09-15,0.006477642696753974
2025-09-16,0.006326004981591582
2025-09-17,0.006338245653460264
2025-09-18,0.006197564041013155
2025-09-19,0.006255785212771789
2025-09-22,0.005999159144780094
2025-09-23,0.006209751138337569
2025-09-24,0.006145279924093698
2025-09-25,0.006309667473413043
2025-09-26,0.006412311469330155
2025-09-29,0.006342674308262915
2025-09-30,0.006419846370346336
2025-10-01,0.0063726585704551916
2025-10-02,0.006415216008875749
2025-10-03,0.006376668108086923
2025-10-06,0.005636016063574172
2025-10-07,0.005825860550225482
2025-10-08,0.005828915553216647
2025-10-09,0.005898083166283428
2025-10-10,0.007899684517541129
2025-10-13,0.008343606468375132
2025-10-14,0.008407903073021781
2025-10-15,0.008245634677495579
2025-10-16,0.008241397038082344
2025-10-17,0.008229163748966923
2025-10-20,0.008413644818154788
2025-10-21,0.008361417963295143
2025-10-22,0.008427740145434109
2025-10-23,0.008315900960744275
2025-10-24,0.00833027930471158
2025-10-27,0.008640342756761515
2025-10-28,0.008699951440330003
2025-10-29,0.008701532168660896
2025-10-30,0.008932905681904212
2025-10-31,0.009066885675529147
2025-11-03,0.009081359602349924
2025-11-04,0.009370339585152213
2025-11-05,0.009386475823057327
2025-11-06,0.009491897170886781
2025-11-07,0.009427187853284806
2025-11-10,0.009928462333537617
2025-11-11,0.009897161011521733
2025-11-12,0.009815965221506203
2025-11-13,0.010561919084413103
2025-11-14,0.01057161718709622
2025-11-17,0.01057672565770554
2025-11-18,0.010636159547280416
2025-11-19,0.010646270316709009
2025-11-20,0.011005025334242413
2025-11-21,0.00985799839352798
2025-11-24,0.009926198441802259
2025-11-25,0.009784021629546535
2025-11-26,0.009811313291242246
2025-11-28,0.009744520199190533
2025-12-01,0.00970469319464735
2025-12-02,0.009532446733178343
2025-12-03,0.009561548021487645
2025-12-04,0.009499598857587986
2025-12-05,0.009474480378108163
2025-12-08,0.009497409127093015
2025-12-09,0.00900068884103495
2025-12-10,0.009002025054233044
2025-12-11,0.009007939408351238
2025-12-12,0.008856153220096094
2025-12-15,0.008599405528075624
2025-12-16,0.008561524927886316
2025-12-17,0.008520457056159045
2025-12-18,0.008653608158355043
2025-12-19,0.008595082339922192
2025-12-22,0.008660560809173724
2025-12-23,0.008071039318308158
2025-12-24,0.008016050176897386
2025-12-26,0.007994652150731304
2025-12-29,0.006994288262128206
2025-12-30,0.006990379906864575
2025-12-31,0.00702539179277331
2026-01-02,0.006801439636530775
2026-01-05,0.006902340301559193
2026-01-06,0.006257990064883988
2026-01-07,0.006144954314970179
2026-01-08,0.005321224392704042
2026-01-09,0.005403567123312134
2026-01-12,0.005330097115000806
2026-01-13,0.005286086761606853
2026-01-14,0.005335786991374757
2026-01-15,0.0053335046573529795
2026-01-16,0.005250658949187577
2026-01-20,0.0064477716181450175
2026-01-21,0.006733888932456861
2026-01-22,0.00690885287369569
2026-01-23,0.006964444109374096
2026-01-26,0.006859155132786763
2026-01-27,0.00707520578864995
2026-01-28,0.007049027766267359
2026-01-29,0.007160520360985453
2026-01-30,0.0071264983291411494
2026-02-02,0.0066645043556070515
2026-02-03,0.006566356672485224
2026-02-04,0.006434642818078849
2026-02-05,0.007020645536285713
2026-02-06,0.0075187630342794165
2026-02-09,0.007559095119939169
2026-02-10,0.007564626741750656
2026-02-11,0.007507338342979419
2026-02-12,0.008257784028177556
2026-02-13,0.008278399784204301
2026-02-17,0.008281066034594423
2026-02-18,0.008291572962294836
2026-02-19,0.00829715877081126
2026-02-20,0.008398437362104784
2026-02-23,0.008417972875848397
2026-02-24,0.008416464632427312
2026-02-25,0.0086196381739034
2026-02-26,0.008793859568651717
2026-02-27,0.008791852705097055
2026-03-02,0.008791753626314566
2026-03-03,0.008913219895185544
2026-03-04,0.008136276098395205
2026-03-05,0.007943252583134787
2026-03-06,0.007935299013829828
2026-03-09,0.00796950399068079
2026-03-10,0.007943606955028682
2026-03-11,0.007699477783395212
2026-03-12,0.008001095615532153
2026-03-13,0.008011003704955687
2026-03-16,0.008229555567752473
2026-03-17,0.00836581320813349
2026-03-18,0.008618388706692928
2026-03-19,0.008655915003318469
2026-03-20,0.008583571996337512
2026-03-23,0.008302934399327718
2026-03-24,0.008223472256895716
2026-03-25,0.00835690340372845
2026-03-26,0.008668234356452609
2026-03-27,0.008504801805065004
2026-03-30,0.008469126008837303
2026-03-31,0.010065006570796503
2026-04-01,0.009985639994490918
2026-04-02,0.00998098124163086
2026-04-06,0.009891415752152804
2026-04-07,0.009827408578663302
2026-04-08,0.010095742545479004
2026-04-09,0.01003523864979072
2026-04-10,0.009882295854342787
2026-04-13,0.009955021470077968
2026-04-14,0.010185234802102042
2026-04-15,0.010343198223937939
2026-04-16,0.010313611176836317
2026-04-17,0.010382362307710549
2026-04-20,0.01016961168373506
2026-04-21,0.010253846849575058
2026-04-22,0.010357059646878348
2026-04-23,0.01046284366180052
2026-04-24,0.010231535755841025
2026-04-27,0.010123500737255986
